hotelName,stars,roomType,photoLink,seasons,extrabed,publishPrice,contractUntil
Solaris Hotel Kuta,3,Deluxe Room (ada connecting),,"{'normal': 450000, 'high': 650000, 'peak': 850000}",235000,"{'normal': nan, 'high': 50000.0, 'peak': 500000}",31-Mar-26
Nama Hotel,Stars,Type Room,Link Photo Room,"{'normal': 'Normal Season', 'high': 'High Season', 'peak': nan}",Extrabed,"{'normal': nan, 'high': nan, 'peak': 'Normal Season'}",Batas Kontrak
Grand Livio,3,Superior Room,https://drive.google.com/drive/folders/12MGgb20-u8h0Jh2bdv9OefQWSIaexUQL,"{'normal': 415000, 'high': 615000, 'peak': 615000}",200000,"{'normal': nan, 'high': 50000.0, 'peak': 465000}",3/1/2026 0:00
Nama Hotel,Stars,Type Room,Link Photo Room,"{'normal': 'Normal Season', 'high': 'High Season', 'peak': 'Peak Season'}",Batas Kontrak,"{'normal': nan, 'high': nan, 'peak': 'Normal Season'}",
Boss Legian,3,Superior Room (ada connecting),https://drive.google.com/drive/folders/1I2SO98WbiCl9vGRWVyyhF0A45ltT7BDG?hl=id,"{'normal': 350000, 'high': 525000, 'peak': nan}",Campaign 01 April-30 September 2025,"{'normal': nan, 'high': 50000.0, 'peak': 400000}",
Nama Hotel,Stars,Type Room,Link Photo Room,"{'normal': 'Normal Season', 'high': 'High Season', 'peak': 'Peak Season'}",Batas Kontrak,"{'normal': nan, 'high': nan, 'peak': nan}",
Zia Kuta Hotel,3,Superior Room (ada connecting),https://drive.google.com/drive/folders/1HlOyyHrE8_XfwObO7G8W5OFv9rSqsNuO?usp=drive_link,"{'normal': 400000, 'high': 575000, 'peak': nan}",Campaign 01 April-30 September 2025,"{'normal': nan, 'high': 50000.0, 'peak': 550000}",
Nama Hotel,Stars,Type Room,Link Photo Room,"{'normal': 'Normal Season', 'high': 'High Season', 'peak': 'Extrabed'}",,"{'normal': nan, 'high': nan, 'peak': 'Normal Season'}",
Evitel Resort Ubud,3,Superior Room,https://drive.google.com/drive/folders/14VHuSTO3Q3WrYReiS_XIgcM9rj0cbHAZ,"{'normal': 600000, 'high': nan, 'peak': nan}",,"{'normal': nan, 'high': 80000.0, 'peak': 680000}",
Nama Hotel,Stars,Type Room,Link Photo Room,"{'normal': 'Normal Season', 'high': 'High Season', 'peak': 'Extrabed'}",,"{'normal': nan, 'high': nan, 'peak': nan}",
Stark Boutique Kuta Hotel,3,Superior Room,https://drive.google.com/drive/folders/1EDUshknFlDGHD1p3NfdRPAh3Kzg7M4s7?usp=sharing,"{'normal': 500000, 'high': 750000, 'peak': '-'}",,"{'normal': nan, 'high': nan, 'peak': nan}",
Nama Hotel,Stars,Type Room,Link Photo Room,"{'normal': 'Normal Season', 'high': 'High Season', 'peak': 'Extrabed'}",,"{'normal': nan, 'high': nan, 'peak': nan}",
Legian Paradiso,3,Superior Room,https://tinyurl.com/legparfoto,"{'normal': 350000, 'high': 415000, 'peak': 175000}",,"{'normal': nan, 'high': nan, 'peak': nan}",
Nama Hotel,Stars,Type Room,Link Photo Room,"{'normal': 'Normal Season', 'high': 'High Season', 'peak': 'Peak Season'}",Extrabed,"{'normal': nan, 'high': nan, 'peak': nan}",
Kutabex Beach Front Hotel,3,Superior Room,https://bit.ly/KutabexHotel,"{'normal': 550000, 'high': nan, 'peak': nan}",,"{'normal': nan, 'high': nan, 'peak': nan}",
Nama Hotel,Stars,Type Room,Link Photo Room,"{'normal': 'Normal Season', 'high': 'High Season', 'peak': 'Extrabed'}",,"{'normal': nan, 'high': nan, 'peak': nan}",
Rofa Kuta Hotel,3,Superior Room,,"{'normal': 360000, 'high': nan, 'peak': 175000}",,"{'normal': nan, 'high': nan, 'peak': nan}",
Nama Hotel,Stars,Type Room,Link Photo Room,"{'normal': 'Normal Season', 'high': 'High Season', 'peak': 'Peak Season'}",Batas Kontrak,"{'normal': nan, 'high': nan, 'peak': nan}",
Bloo Kuta Hotel,3,Superior,https://drive.google.com/drive/folders/1-PJFenjw1Fpc9uAA6Djw_TgS4kQZ3d6O,"{'normal': 450000, 'high': 650000, 'peak': 700000}",30 Desemer 2025,"{'normal': nan, 'high': nan, 'peak': nan}",
Nama Hotel,Stars,Type Room,Link Photo Room,"{'normal': 'Normal Season', 'high': 'High Season', 'peak': 'Peak Season'}",Batas Kontrak,"{'normal': nan, 'high': nan, 'peak': nan}",
Siesta Legian,3,Superior,https://drive.google.com/drive/folders/1iZeCDvHVu6HlUniaR2xW_CtkzAONZgYx?usp=sharing,"{'normal': 375000, 'high': 600000, 'peak': nan}",9/30/2025 0:00,"{'normal': nan, 'high': nan, 'peak': nan}",
Siesta Legian,3,Superior,,"{'normal': 450000, 'high': 675000, 'peak': 700000}",31-Mar-26,"{'normal': nan, 'high': nan, 'peak': nan}",
Nama Hotel,Stars,Type Room,Link Photo Room,"{'normal': 'Normal Season', 'high': 'High Season', 'peak': 'Peak Season'}",Batas Kontrak,"{'normal': nan, 'high': nan, 'peak': nan}",
Loft Legian,3,Superior,,"{'normal': 350000, 'high': 550000, 'peak': 650000}",3/31/2026 0:00,"{'normal': nan, 'high': nan, 'peak': nan}",
Nama Hotel,Stars,Type Room,Link Photo Room,"{'normal': 'Normal Season', 'high': 'High Season', 'peak': 'Extrabed'}",,"{'normal': nan, 'high': nan, 'peak': nan}",
Hotel Santika Kuta,3,Superior (Domestic),,"{'normal': 525000, 'high': 1025000, 'peak': 350000}",,"{'normal': nan, 'high': nan, 'peak': nan}",
Nama Hotel,Stars,Type Room,Link Photo Room,"{'normal': 'Normal Season', 'high': 'High Season', 'peak': 'Peak Season'}",Batas Kontrak,"{'normal': nan, 'high': nan, 'peak': nan}",
Rhadana Kuta,3,Business Thematic,https://drive.google.com/drive/folders/1HSx1NBtfgsbKOuw14TvRUJynYMDu7VRO,"{'normal': 350000, 'high': 550000, 'peak': 550000}",20-Dec-25,"{'normal': nan, 'high': nan, 'peak': nan}",
Nama Hotel,Stars,Type Room,Link Photo Room,"{'normal': 'Normal Season', 'high': 'High Season', 'peak': 'Extrabed'}",,"{'normal': nan, 'high': nan, 'peak': nan}",
Euphoria Hotel,3,Superior Suite,https://drive.google.com/drive/folders/1W0tx3GWGfQmiytQgOjCG1A8qSflgx58b?usp=sharing,"{'normal': 325000, 'high': 525000, 'peak': nan}",,"{'normal': nan, 'high': nan, 'peak': nan}",
Nama Hotel,Stars,Type Room,Link Photo Room,"{'normal': 'Normal Season', 'high': 'High Season', 'peak': 'Peak Season'}",Extrabed,"{'normal': nan, 'high': nan, 'peak': nan}",
Fave Sunset Seminyak ,3,Superior Suite,https://drive.google.com/drive/folders/17-wYRfNaSTjHaUQsLemZ8CV2IenG1iGI?usp=drive_link,"{'normal': 400000, 'high': 500000, 'peak': 650000}",,"{'normal': nan, 'high': nan, 'peak': nan}",
Nama Villa,Stars,Type Room,Link Photo Room,"{'normal': 'Normal Season', 'high': 'High Season', 'peak': 'Extrabed'}",,"{'normal': nan, 'high': nan, 'peak': nan}",
Ecozy Dijiwa Canggu,3,Deluxe Room,https://drive.google.com/drive/folders/1frQpnhXVyy4jOfzb_qKniWtN4oneUtFm,"{'normal': 1100000, 'high': 1350000, 'peak': nan}",,"{'normal': nan, 'high': nan, 'peak': nan}",
Ecozy Dijiwa Canggu,3,Deluxe Room,,"{'normal': 1200000, 'high': 1450000, 'peak': nan}",,"{'normal': nan, 'high': nan, 'peak': nan}",
Nama Hotel,Stars,Type Room,Link Photo Room,"{'normal': 'Normal Season', 'high': 'High Season', 'peak': nan}",Extrabed,"{'normal': nan, 'high': nan, 'peak': nan}",
TAPA AGUNG VIEW RENDANG KARANGASEM,3,Standard Room with Garden View (11) ,,"{'normal': 750000, 'high': 1150000, 'peak': 2250000}",450000,"{'normal': nan, 'high': nan, 'peak': nan}",
Nama Hotel,Stars,Type Room,Link Photo Room,"{'normal': 'Normal Season', 'high': 'High Season', 'peak': nan}",Extrabed,"{'normal': nan, 'high': nan, 'peak': nan}",
Swissbell Express Kuta,3,Express Room ,,"{'normal': 450000, 'high': 650000, 'peak': 650000}",,"{'normal': nan, 'high': nan, 'peak': nan}",
Nama Hotel or Villa,Stars,Type Room,Normal Season,"{'normal': 'High Season', 'high': 'Peak Season', 'peak': 'Batas Kontrak'}",,"{'normal': nan, 'high': nan, 'peak': nan}",
Three Brother Villa Legian,3,Standard Room,700000,"{'normal': 800000, 'high': 900000, 'peak': datetime.datetime(2026, 3, 1, 0, 0)}",,"{'normal': nan, 'high': nan, 'peak': nan}",
Nama Hotel or Villa,Stars,Type Room,Normal Season,"{'normal': 'High Season', 'high': 'Peak Season', 'peak': 'Batas Kontrak'}",,"{'normal': nan, 'high': nan, 'peak': nan}",
Kubu Sakian Sidemen Karangasem,3,Deluxe Pool,800000,"{'normal': 900000, 'high': 1000000, 'peak': datetime.datetime(2026, 3, 1, 0, 0)}",,"{'normal': nan, 'high': nan, 'peak': nan}",
Nama Hotel or Villa,Stars,Type Room,Normal Season,"{'normal': 'High Season', 'high': 'Peak Season', 'peak': 'Batas Kontrak'}",,"{'normal': nan, 'high': nan, 'peak': nan}",
Dikubu Bali Villa and Suites Seminyak ,3,Deluxe room,500000,"{'normal': 600000, 'high': 700000, 'peak': datetime.datetime(2026, 3, 1, 0, 0)}",,"{'normal': nan, 'high': nan, 'peak': nan}",
Nama  Hotel,Stars,Type Room,Normal Season,"{'normal': 'High Season', 'high': 'Peak Season', 'peak': 'Batas Kontrak'}",,"{'normal': nan, 'high': nan, 'peak': nan}",
The Dewi Kintamani,3,Standard Tent (Weekdays)  ,500000,"{'normal': 650000, 'high': 750000, 'peak': datetime.datetime(2026, 3, 1, 0, 0)}",,"{'normal': nan, 'high': nan, 'peak': nan}",
Nama Hotel or Villa,Stars,Type Room,Normal Season,"{'normal': 'High Season', 'high': 'Peak Season', 'peak': 'Batas Kontrak'}",,"{'normal': nan, 'high': nan, 'peak': nan}",
The Dewi Premier Nusa Penida ,3,Terrace,750000,"{'normal': 850000, 'high': 950000, 'peak': datetime.datetime(2026, 3, 1, 0, 0)}",,"{'normal': nan, 'high': nan, 'peak': nan}",
Nama Hotel or Villa,Stars,Type Room,Normal Season,"{'normal': 'High Season', 'high': 'Peak Season', 'peak': 'Batas Kontrak'}",,"{'normal': nan, 'high': nan, 'peak': nan}",
The Dewi Premier Nusa Penida ,3,Terrace,750000,"{'normal': 850000, 'high': 950000, 'peak': datetime.datetime(2026, 3, 1, 0, 0)}",,"{'normal': nan, 'high': nan, 'peak': nan}",
Nama Hotel or Villa,Stars,Type Room,Normal Season,"{'normal': 'High Season', 'high': 'Peak Season', 'peak': 'Batas Kontrak'}",,"{'normal': nan, 'high': nan, 'peak': nan}",
The Dewi Bedugul ,3,Deluxe Tent (Weekdays) ,500000,"{'normal': 600000, 'high': 700000, 'peak': datetime.datetime(2026, 3, 1, 0, 0)}",,"{'normal': nan, 'high': nan, 'peak': nan}",
Nama Hotel or Villa,Stars,Type Room,Normal Season,"{'normal': 'High Season', 'high': 'Peak Season', 'peak': 'Batas Kontrak'}",,"{'normal': nan, 'high': nan, 'peak': nan}",
Asri Sari Ubud,3,Deluxe Room,350000,"{'normal': 450000, 'high': 550000, 'peak': datetime.datetime(2026, 3, 1, 0, 0)}",,"{'normal': nan, 'high': nan, 'peak': nan}",
Nama Hotel or Villa,Stars,Type Room,Normal Season,"{'normal': 'High Season', 'high': 'Peak Season', 'peak': 'Batas Kontrak'}",,"{'normal': nan, 'high': nan, 'peak': nan}",
"
Mora Residence Jimbaran (room only)",3,Standard Room ,300000,"{'normal': 400000, 'high': 500000, 'peak': datetime.datetime(2026, 3, 1, 0, 0)}",,"{'normal': nan, 'high': nan, 'peak': nan}",
Nama Hotel or Villa,Stars,Type Room,Normal Season,"{'normal': 'High Season', 'high': 'Peak Season', 'peak': 'Batas Kontrak'}",,"{'normal': nan, 'high': nan, 'peak': nan}",
Kubal Villa Seminyak (room only),3,Deluxe room ,350000,"{'normal': 450000, 'high': 550000, 'peak': datetime.datetime(2026, 3, 1, 0, 0)}",,"{'normal': nan, 'high': nan, 'peak': nan}",
Nama Hotel or Villa,Stars,Type Room,Normal Season,"{'normal': 'High Season', 'high': 'Peak Season', 'peak': 'Batas Kontrak'}",,"{'normal': nan, 'high': nan, 'peak': nan}",
Bale Seminyak (room only),3,Superior room ,500000,"{'normal': 600000, 'high': 700000, 'peak': datetime.datetime(2026, 3, 1, 0, 0)}",,"{'normal': nan, 'high': nan, 'peak': nan}",
Nama Hotel or Villa,Stars,Type Room,Normal Season,"{'normal': 'High Season', 'high': 'Peak Season', 'peak': 'Batas Kontrak'}",,"{'normal': nan, 'high': nan, 'peak': nan}",
Anggie Stay Kerobokan (room only),Stars,Superior room ,350000,"{'normal': 450000, 'high': 550000, 'peak': datetime.datetime(2026, 3, 1, 0, 0)}",,"{'normal': nan, 'high': nan, 'peak': nan}",
Nama Hotel or Villa,Stars,Type Room,Normal Season,"{'normal': 'High Season', 'high': 'Peak Season', 'peak': 'Batas Kontrak'}",,"{'normal': nan, 'high': nan, 'peak': nan}",
Pondok Bobo Seminyak (room only),Stars,Superior room ,300000,"{'normal': 400000, 'high': 500000, 'peak': datetime.datetime(2026, 3, 1, 0, 0)}",,"{'normal': nan, 'high': nan, 'peak': nan}",
Nama Hotel or Villa,Stars,Type Room,Link Photo Room,"{'normal': 'Normal Season', 'high': 'High Season', 'peak': 'Extrabed'}",,"{'normal': nan, 'high': nan, 'peak': nan}",
Kampi Hotel Legian,3,Champ Room ,https://drive.google.com/drive/folders/1amuHQG_qwNT12mIJPJ7jZLjx13HxVhje,"{'normal': 500000, 'high': 700000, 'peak': 250000}",,"{'normal': nan, 'high': nan, 'peak': nan}",
Nama Hotel or Villa,Stars,Type Room,Link Photo Room,"{'normal': 'Normal Season', 'high': 'High Season', 'peak': 'Extrabed'}",,"{'normal': nan, 'high': nan, 'peak': nan}",
Puri Tempo Doeloe,3,Deluxe ,https://drive.google.com/drive/folders/1TJ_ym0ahYoR42be3etrIrfBw9y_6e12y?usp=drive_link,"{'normal': 850000, 'high': 1100000, 'peak': 450000}",,"{'normal': nan, 'high': nan, 'peak': nan}",
Nama Hotel,Stars,Type Room,Link Photo Room,"{'normal': 'Normal Season', 'high': 'High Season', 'peak': 'Peak Season'}",Batas Kontrak,"{'normal': nan, 'high': nan, 'peak': nan}",
"
The Vira Bali Boutique Hotel & Suite Kuta",4,Superior Room,https://www.dropbox.com/sh/n78vxrqtph2llun/AABjLFLZBLxRBVFzmYr_APE7a?dl=0,"{'normal': 875000, 'high': 1075000, 'peak': nan}","Booking window : Immediately – 31 April 2025 & Periods stay :
01 April – 23 Dec 2025","{'normal': nan, 'high': nan, 'peak': nan}",
"
The Vira Bali Boutique Hotel & Suite Kuta",4,Superior Room,,"{'normal': 1185500, 'high': 1385500, 'peak': 1585500}",3/31/2026 0:00,"{'normal': nan, 'high': nan, 'peak': nan}",
Nama Hotel,Stars,Type Room,Link Photo Room,"{'normal': 'Normal Season', 'high': 'High Season', 'peak': nan}",,"{'normal': nan, 'high': nan, 'peak': nan}",
Swissbell Tuban ,4,Deluxe no Balcony – 24m2,https://drive.google.com/drive/folders/1-9r0rv2AeAvqfTPO4GnIe6H5f-QjaLv4 ,"{'normal': 650000, 'high': 800000, 'peak': 750000}",1450000,"{'normal': nan, 'high': nan, 'peak': nan}",
Nama Hotel,Stars,Type Room,Normal Season,"{'normal': 'High Season', 'high': 'Peak Season', 'peak': 'Batas Kontrak'}",,"{'normal': nan, 'high': nan, 'peak': nan}",
"
Alam Kulkul Boutique Resort Legian Kuta",4,Alam Room,1155000,"{'normal': 1365000, 'high': 1417500, 'peak': datetime.datetime(2025, 12, 31, 0, 0)}",,"{'normal': nan, 'high': nan, 'peak': nan}",
Nama Hotel,Stars,Type Room,Normal Season,"{'normal': 'High Season', 'high': 'Peak Season', 'peak': 'Batas Kontrak'}",,"{'normal': nan, 'high': nan, 'peak': nan}",
Sense Canggu Beach,4,Suite Garden View,1000000,"{'normal': 1450000, 'high': 1500000, 'peak': 'Booking period : Immediately – 30 June 2025, Stay period : Immediately – 31 October 2025'}",,"{'normal': nan, 'high': nan, 'peak': nan}",
Nama Hotel,Stars,Type Room,Link Photo Room,"{'normal': 'Normal Season', 'high': 'High Season', 'peak': 'Extrabed'}",,"{'normal': nan, 'high': nan, 'peak': nan}",
Risata Bali Resort Kuta,4,Superior Room,https://drive.google.com/drive/u/0/mobile/folders/1mPf-P43yPwvkwpCm-hj55hmSnS8D_NbP?usp=share_link,"{'normal': 750000, 'high': 900000, 'peak': 250000}",,"{'normal': nan, 'high': nan, 'peak': nan}",
Nama Hotel,Stars,Type Room,Normal Season,"{'normal': 'High Season', 'high': nan, 'peak': nan}",Batas Kontrak,"{'normal': nan, 'high': nan, 'peak': nan}",
Golden Tulip Jineng Kuta,4,Deluxe City View,700000,"{'normal': 850000, 'high': 800000, 'peak': 2100000}",12/31/2025 0:00,"{'normal': nan, 'high': nan, 'peak': nan}",
Nama Hotel,Stars,Type Room,Link Photo Room,"{'normal': 'Normal Season', 'high': 'High Season', 'peak': 'Peak Season'}",Extrabed,"{'normal': nan, 'high': nan, 'peak': nan}",
Grand Ixora Kuta,4,Superior  (23 m2) ,https://drive.google.com/drive/folders/1v4IrYtuNCfJrDu7lx0nI_AKnHVwL9XYZ,"{'normal': 600000, 'high': 800000, 'peak': 900000}",No Extra Bed,"{'normal': nan, 'high': nan, 'peak': nan}",
Nama Hotel,Stars,Type Room,Link Photo Room,"{'normal': 'Normal Season', 'high': 'High Season', 'peak': nan}",Extrabed,"{'normal': nan, 'high': nan, 'peak': nan}",
The Rivavi Legian,4,Deluxe Suite ,https://drive.google.com/drive/folders/1Ai8qQe1buZsvl7omQC6Ep7hJo8dhsv9f,"{'normal': 592800, 'high': nan, 'peak': nan}",200000,"{'normal': nan, 'high': nan, 'peak': nan}",
Nama Hotel,Stars,Type Room,Link Photo Room,"{'normal': 'Normal Season', 'high': 'High Season', 'peak': 'Peak Season'}",Batas Kontrak,"{'normal': nan, 'high': nan, 'peak': nan}",
J4 Hotel,4,Superior,https://drive.google.com/drive/folders/1g_iYmBN6xF_iv32PJHrBrZRq7WQlFSwH,"{'normal': 600000, 'high': 850000, 'peak': 950000}",Saat high/ peak harga bisa berubah,"{'normal': nan, 'high': nan, 'peak': nan}",
Nama Hotel,Stars,Type Room,Normal Season,"{'normal': 'High Season', 'high': nan, 'peak': 'Extrabed'}",,"{'normal': nan, 'high': nan, 'peak': nan}",
Bedrock,4,Superior,500000,"{'normal': '850.000 / 780.000', 'high': 850000, 'peak': nan}",,"{'normal': nan, 'high': nan, 'peak': nan}",
Nama Hotel,Stars,Type Room,Link Photo Room,"{'normal': 'Normal Season', 'high': 'High Season', 'peak': nan}",,"{'normal': nan, 'high': nan, 'peak': nan}",
Harper,4,Superior ,https://drive.google.com/drive/folders/1zv-fzQufY3mCL7LX1JT83I1WbEp0n7jd,"{'normal': 785000, 'high': 1135000, 'peak': 935000}",3235000,"{'normal': nan, 'high': nan, 'peak': nan}",
Nama Hotel,Stars,Type Room,Link Photo Room,"{'normal': 'Normal Season', 'high': 'High Season', 'peak': 'Peak Season'}",Batas Kontrak,"{'normal': nan, 'high': nan, 'peak': nan}",
Bliss Surfer Hotel,4,Deluxe,https://drive.google.com/drive/folders/1hLjOoDanCM6jNsRPMlCgf_VRnnQFqMdE,"{'normal': 450000, 'high': 550000, 'peak': nan}",30-Sep-25,"{'normal': nan, 'high': nan, 'peak': nan}",
Nama Hotel,Stars,Type Room,Normal Season,"{'normal': 'High Season', 'high': 'Peak Season', 'peak': 'Batas Kontrak'}",,"{'normal': nan, 'high': nan, 'peak': nan}",
Harris MBG,4,Harris Room,450000,"{'normal': 700000, 'high': 750000, 'peak': datetime.datetime(2025, 12, 19, 0, 0)}",,"{'normal': nan, 'high': nan, 'peak': nan}",
Nama Hotel,Stars,Type Room,Link Photo Room,"{'normal': 'Normal Season', 'high': 'High Season', 'peak': nan}",,"{'normal': nan, 'high': nan, 'peak': nan}",
Kuta Beach Club,4,Deluxe Room,https://drive.google.com/drive/folders/1WHn6YDnO5lFuACZ-9ReuE52Q2jUmWXNq?usp=drive_link,"{'normal': 730000, 'high': 930000, 'peak': 1630000}",2180000,"{'normal': nan, 'high': nan, 'peak': nan}",
Nama Hotel,Stars,Type Room,Link Photo Room,"{'normal': 'Normal Season', 'high': 'High Season', 'peak': 'Extrabed'}",,"{'normal': nan, 'high': nan, 'peak': nan}",
Ubud Raya Hotel,Stars,Deluxe Room,,"{'normal': 600000, 'high': 925000, 'peak': 350000}",,"{'normal': nan, 'high': nan, 'peak': nan}",
Nama Hotel,Stars,Type Room,Link Photo Room,"{'normal': 'Normal Season    06 Jan -27 Mar', 'high': 'High Season', 'peak': nan}",Extrabed,"{'normal': nan, 'high': nan, 'peak': nan}",
Brits Legian,4,Deluxe Room,,"{'normal': 450000, 'high': 550000, 'peak': 550000}",,"{'normal': nan, 'high': nan, 'peak': nan}",
Nama Hotel,Stars,Type Room,Link Photo Room,"{'normal': 'Normal Season', 'high': 'High Season', 'peak': 'Peak Season'}",Batas Kontrak,"{'normal': nan, 'high': nan, 'peak': nan}",
Adhi Jaya Hotel Kuta,4,Superior Room,,"{'normal': 650000, 'high': 800000, 'peak': nan}",9/30/2025 0:00,"{'normal': nan, 'high': nan, 'peak': nan}",
Adhi Jaya Hotel Kuta,4,Superior Room,,"{'normal': 700000, 'high': 1050000, 'peak': 1300000}",3/31/2025 0:00,"{'normal': nan, 'high': nan, 'peak': nan}",
Nama Hotel,Stars,Type Room,Link Photo Room,"{'normal': ' Normal Season', 'high': '01 Apr - 06 Apr 2025 / 23 Des - 03 Jan 2026 / 16 Mar - 25 Mar 2026', 'peak': datetime.datetime(2025, 12, 31, 0, 0)}",Batas Kontrak,"{'normal': nan, 'high': nan, 'peak': nan}",
Episode Kuta Hotel,4,Deluxe ,https://drive.google.com/drive/folders/1Io7SdfRE-jmG8Tj58GP894XyzIYrXxnR?usp=sharing,"{'normal': 500000, 'high': 750000, 'peak': 1550000}",3/31/2026 0:00,"{'normal': nan, 'high': nan, 'peak': nan}",
Nama Hotel,Stars,Type Room,Link Photo Room,"{'normal': 'Normal Season', 'high': 'High Season', 'peak': 'Peak Season'}",Batas Kontrak,"{'normal': nan, 'high': nan, 'peak': nan}",
De Vins Sky Seminyak,4,Superior Room,https://drive.google.com/drive/folders/1hT1Zsuy3FpN1xdNk0uzZ0FDe3Ex-34oJ,"{'normal': 750000, 'high': 950000, 'peak': 1250000}",3/31/2026 0:00,"{'normal': nan, 'high': nan, 'peak': nan}",
Nama Hotel,Stars,Type Room,Link Photo Room,"{'normal': 'Normal Season', 'high': 'High Season', 'peak': 'Peak Season'}",Extrabed,"{'normal': nan, 'high': nan, 'peak': nan}",
Bintang Kuta Hotel (Asing),4,Deluxe Room (FIT),https://drive.google.com/drive/folders/1Vhl9ytyRSTnVvuMdGXcgYq85J6yKrwdI,"{'normal': 900000, 'high': 1100000, 'peak': 2300000}",350.000 / 400.000 / 450.000 / 950.000 / 1.350.000,"{'normal': nan, 'high': nan, 'peak': nan}",
Bintang Kuta Hotel (Domestic),4,Deluxe Room (FIT),,"{'normal': 800000, 'high': 1000000, 'peak': 2200000}",350.000 / 400.000 / 450.000 / 950.000 / 1.350.000,"{'normal': nan, 'high': nan, 'peak': nan}",
Nama  Hotel,Stars,Type Room,Link Photo Room,"{'normal': 'Normal Season', 'high': 'High Season', 'peak': 'Extrabed'}",,"{'normal': nan, 'high': nan, 'peak': nan}",
Artotel Haniman Ubud,4,Studio 30,https://drive.google.com/drive/folders/1rwpr9Xzbt0xjXh-3RDy_m3ASYYp9eMk5,"{'normal': 1600000, 'high': 1900000, 'peak': 600000}",,"{'normal': nan, 'high': nan, 'peak': nan}",
Nama Hotel,Stars,Type Room,Link Photo Room,"{'normal': 'Normal Season  ', 'high': 'High Season', 'peak': 'Peak Season'}",Extrabed,"{'normal': nan, 'high': nan, 'peak': nan}",
B Hotel,4,Deluxe Room,,"{'normal': 675000, 'high': 725000, 'peak': 925000}",350000,"{'normal': nan, 'high': nan, 'peak': nan}",
Nama Hotel,Stars,Type Room,Link Photo Room,"{'normal': 'Normal Season', 'high': 'High Season', 'peak': 'Extrabed'}",,"{'normal': nan, 'high': nan, 'peak': nan}",
Best Western Premier Resort Ubud,4,Deluxe Room,https://drive.google.com/drive/folders/12FF9YmMzRfO_YVY4VyIobEEsZQN0vrEn,"{'normal': 958000, 'high': 1183000, 'peak': 425000}",,"{'normal': nan, 'high': nan, 'peak': nan}",
Nama Hotel or Villa,Stars,Type Room,Link Photo Room,"{'normal': 'Normal Season', 'high': 'High Season', 'peak': 'Extrabed'}",,"{'normal': nan, 'high': nan, 'peak': nan}",
New Sunari Lovina ,4,Superior Room,,"{'normal': 650000, 'high': 750000, 'peak': 300000}",,"{'normal': nan, 'high': nan, 'peak': nan}",
Nama Hotel,Stars,Type Room,Normal Season,"{'normal': 'High Season', 'high': 'Peak Season', 'peak': nan}",Batas Kontrak,"{'normal': nan, 'high': nan, 'peak': nan}",
Pramana Giri Kusuma Ubud,4,River Suite (6 Unit),1875000,"{'normal': 2325000, 'high': 2325000, 'peak': 4025000}",3/31/2026 0:00,"{'normal': nan, 'high': nan, 'peak': nan}",
Nama Hotel,Stars,Type Room,Link Photo Room,"{'normal': 'Normal Season', 'high': 'High Season', 'peak': 'Extrabed'}",,"{'normal': nan, 'high': nan, 'peak': nan}",
Pramana Zahill Kintamani,4,Deluxe Garden View (6 Unit),,"{'normal': 935000, 'high': 1235000, 'peak': 'Extra Matrass 300,000 / Extra Matrass Double 600,000'}",,"{'normal': nan, 'high': nan, 'peak': nan}",
Nama Hotel,Stars,Type Room,Link Photo Room,"{'normal': 'Normal Season', 'high': 'High Season', 'peak': nan}",Batas Kontrak,"{'normal': nan, 'high': nan, 'peak': nan}",
"KARDIA GILI TRAWANGAN RESORT 
A PRAMANA EXPERIENCE  ",4,SUITE GARDEN VIEW (16 units) ,,"{'normal': 1650000, 'high': 2850000, 'peak': 4335000}",3/31/2026 0:00,"{'normal': nan, 'high': nan, 'peak': nan}",
Nama Hotel,Stars,Type Room,Link Photo Room,"{'normal': 'Normal Season  ', 'high': 'High Season', 'peak': 'Extrabed'}",,"{'normal': nan, 'high': nan, 'peak': nan}",
Daun Bali Seminyak Hotel,4,Superior Room,,"{'normal': 695000, 'high': 1045000, 'peak': '-'}",,"{'normal': nan, 'high': nan, 'peak': nan}",
Nama Hotel,Stars,Type Room,Link Photo Room,"{'normal': 'Normal Season', 'high': 'High Season', 'peak': 'Extrabed'}",,"{'normal': nan, 'high': nan, 'peak': nan}",
Semabu Hills Hotel Nusa Penida,4,Grand Deluxe Room Garden View,https://drive.google.com/drive/folders/1DsiavxeS3azrh0JEf9BQ1jkEWl7K1oow?usp=drive_link,"{'normal': 1100000, 'high': 1350000, 'peak': nan}",,"{'normal': nan, 'high': nan, 'peak': nan}",
Semabu Hills Hotel Nusa Penida,4,Grand Deluxe Room Garden View,,"{'normal': 1265000, 'high': 1515000, 'peak': 350000}",,"{'normal': nan, 'high': nan, 'peak': nan}",
Nama Hotel,Stars,Type Room,Link Photo Room,"{'normal': 'Normal Season', 'high': 'High Season', 'peak': 'Extrabed'}",,"{'normal': nan, 'high': nan, 'peak': nan}",
STAR Semabu Resort,4,Deluxe Bungalow,https://drive.google.com/drive/folders/1fN_EZaTmTxornL3fpu3HaqNylaOscpqL?usp=drive_link,"{'normal': 500000, 'high': 600000, 'peak': '-'}",,"{'normal': nan, 'high': nan, 'peak': nan}",
Nama Hotel,Stars,Type Room,Link Photo Room,"{'normal': 'Normal Season  ', 'high': 'High Season', 'peak': 'Extrabed'}",,"{'normal': nan, 'high': nan, 'peak': nan}",
Swissbell Rainforest,4,Deluxe Room,https://drive.google.com/drive/folders/1UjxiZJ-PCQzFjrWcjJQB9Xjk-KfGqq8G?usp=sharing,"{'normal': 560000, 'high': 760000, 'peak': 300000}",,"{'normal': nan, 'high': nan, 'peak': nan}",
Nama Hotel,Stars,Type Room,Link Photo Room,"{'normal': 'Normal Season  ', 'high': 'High Season', 'peak': 'Peak Season'}",Extrabed,"{'normal': nan, 'high': nan, 'peak': nan}",
Wina Holiday Villa Kuta,4,Superior Pool View,https://drive.google.com/drive/folders/1XzhAjfZEmnUBkv5rG-ktUVfC_4aR3ufb?usp=sharing,"{'normal': 600000, 'high': 800000, 'peak': 850000}",275000,"{'normal': nan, 'high': nan, 'peak': nan}",
Nama Hotel,Stars,Type Room,Link Photo Room,"{'normal': 'Normal Season  ', 'high': 'High Season', 'peak': 'Peak Season'}",Extrabed,"{'normal': nan, 'high': nan, 'peak': nan}",
The One Legian,4,Superior,https://bit.ly/TheONE-Image,"{'normal': 525000, 'high': 775000, 'peak': 925000}",-,"{'normal': nan, 'high': nan, 'peak': nan}",
Nama Hotel,Stars,Type Room,Link Photo Room,"{'normal': 'Normal Season  ', 'high': 'High Season', 'peak': nan}",Batas Kontrak,"{'normal': nan, 'high': nan, 'peak': nan}",
Solia Legian,4,Solia Deluxe,https://linktr.ee/solialegian,"{'normal': 625000, 'high': 725000, 'peak': nan}",30-Sep-25,"{'normal': nan, 'high': nan, 'peak': nan}",
Solia Legian,4,Solia Deluxe,,"{'normal': 800000, 'high': 1000000, 'peak': 2100000}",31-Mar-26,"{'normal': nan, 'high': nan, 'peak': nan}",
Nama Hotel,Stars,Type Room,Link Photo Room,"{'normal': 'Normal Season  ', 'high': 'High Season', 'peak': 'Batas Kontrak'}",,"{'normal': nan, 'high': nan, 'peak': nan}",
PAASHA ATELIER BALI KUTA,4,Superior Room,https://drive.google.com/drive/folders/1_76kxYF8d4GFGIgb7Vfq0UCnbgxeYWE0,"{'normal': 600000, 'high': 750000, 'peak': 'Booking window : 16 January – 30 June 2025 , Stay Period : 16 January – 23 December 2025 '}",,"{'normal': nan, 'high': nan, 'peak': nan}",
Nama Hotel,Stars,Type Room,Link Photo Room,"{'normal': 'Normal Season  ', 'high': 'High Season', 'peak': 'Extrabed'}",,"{'normal': nan, 'high': nan, 'peak': nan}",
Wyndham Garden Kuta Beach Bali,4,Deluxe Room,https://drive.google.com/drive/folders/1EqOki6tA1CS_NUJMVYLbz_C1TjTHBXTR?usp=sharing,"{'normal': 850000, 'high': 1000000, 'peak': nan}",,"{'normal': nan, 'high': nan, 'peak': nan}",
Nama Hotel,Stars,Type Room,Link Photo Room,"{'normal': 'Normal Season', 'high': 'High Season', 'peak': 'Extrabed'}",,"{'normal': nan, 'high': nan, 'peak': nan}",
Beehouse Dijiwa Ubud,4,Suite,https://drive.google.com/drive/folders/17JIeBk1AzjtK05JF8Iss23_zmz7nyBMc,"{'normal': 2200000, 'high': 2700000, 'peak': 600000}",,"{'normal': nan, 'high': nan, 'peak': nan}",
Beehouse Dijiwa Ubud,4,Suite,,"{'normal': 2350000, 'high': 2850000, 'peak': 600000}",,"{'normal': nan, 'high': nan, 'peak': nan}",
Nama Resort,Stars,Type Room,Link Photo Room,"{'normal': 'Normal Season', 'high': 'High Season', 'peak': 'Extrabed'}",,"{'normal': nan, 'high': nan, 'peak': nan}",
The Artini Dijiwa Ubud,4,Premier Garden View,https://drive.google.com/drive/folders/12g8_uBd_O2m10RAa7D1aACp8rR8ZOKxz,"{'normal': 1100000, 'high': 1450000, 'peak': 350000}",,"{'normal': nan, 'high': nan, 'peak': nan}",
The Artini Dijiwa Ubud,4,Premier Garden View,,"{'normal': 1200000, 'high': 1550000, 'peak': 350000}",,"{'normal': nan, 'high': nan, 'peak': nan}",
Nama Villa,Stars,Type Room,Link Photo Room,"{'normal': 'Normal Season', 'high': 'High Season', 'peak': 'Extrabed'}",,"{'normal': nan, 'high': nan, 'peak': nan}",
Korurua Dijiwa Ubud,4,Grand Deluxe,https://drive.google.com/drive/folders/13F9aEil73HhIYXen35DhCZC4X6wdli8C,"{'normal': 1250000, 'high': 350000, 'peak': 550000}",,"{'normal': nan, 'high': nan, 'peak': nan}",
Korurua Dijiwa Ubud,4,Grand Deluxe,,"{'normal': 1350000, 'high': 700000, 'peak': 550000}",,"{'normal': nan, 'high': nan, 'peak': nan}",
Nama Hotel,Stars,Type Room,Link Photo Room,"{'normal': 'Normal Season', 'high': 'High Season', 'peak': 'Extrabed'}",,"{'normal': nan, 'high': nan, 'peak': nan}",
Puri Saraswati Dijiwa Ubud,4,Grand Deluxe ,https://drive.google.com/drive/folders/1I4bDi-J1x0bje4Mo1Fw_JzLsUu5GPY3P,"{'normal': 1100000, 'high': 1450000, 'peak': 600000}",,"{'normal': nan, 'high': nan, 'peak': nan}",
Puri Saraswati Dijiwa Ubud,4,Grand Deluxe ,,"{'normal': 1150000, 'high': 1500000, 'peak': 600000}",,"{'normal': nan, 'high': nan, 'peak': nan}",
Nama Hotel,Stars,Type Room,Link Photo Room,"{'normal': 'Normal Season', 'high': 'High Season', 'peak': 'Extrabed'}",,"{'normal': nan, 'high': nan, 'peak': nan}",
Blue Karma Village,4,Deluxe Joglo,https://drive.google.com/drive/folders/1zKwu-4b5S8p_LO27Vlv2kHXTt_gdLY_I,"{'normal': 2750000, 'high': 3250000, 'peak': 700000}",,"{'normal': nan, 'high': nan, 'peak': nan}",
Blue Karma Village,4,Deluxe Joglo,,"{'normal': 2950000, 'high': 3450000, 'peak': 700000}",,"{'normal': nan, 'high': nan, 'peak': nan}",
Nama Hotel,Stars,Type Room,Link Photo Room,"{'normal': 'Normal Season  ', 'high': 'High Season', 'peak': nan}",Batas Kontrak,"{'normal': nan, 'high': nan, 'peak': nan}",
Truntum Kuta,4,Deluxe Room,,"{'normal': 1350000, 'high': 1550000, 'peak': 3050000}",31-Mar-26,"{'normal': nan, 'high': nan, 'peak': nan}",
Nama Hotel,Stars,Type Room,Link Photo Room,"{'normal': 'Normal Season', 'high': 'High Season', 'peak': nan}",Batas Kontrak,"{'normal': nan, 'high': nan, 'peak': nan}",
The Sankara Resort & Spa,4,Deluxe Room (16 Room),,"{'normal': 1860000, 'high': 2260000, 'peak': 4260000}",3/31/2026 0:00,"{'normal': nan, 'high': nan, 'peak': nan}",
Nama Hotel,Stars,Type Room,Link Photo Room,"{'normal': 'Normal Season', 'high': 'High Season', 'peak': nan}",Extrabed,"{'normal': nan, 'high': nan, 'peak': nan}",
The Hava Ubud,4,Deluxe Room ,,"{'normal': 1750000, 'high': 2200000, 'peak': 3550000}",550000,"{'normal': nan, 'high': nan, 'peak': nan}",
Nama Hotel,Stars,Type Room,Link Room,"{'normal': 'Normal Season', 'high': 'High Season', 'peak': nan}",Extrabed,"{'normal': nan, 'high': nan, 'peak': nan}",
KAWI RESORT A PRAMANA EXPERIENCE,4,Deluxe Valley View ,,"{'normal': 1325000, 'high': 1725000, 'peak': 2275000}",500000,"{'normal': nan, 'high': nan, 'peak': nan}",
Nama Hotel,Stars,Type Room,Link Photo Room,"{'normal': 'Normal Season', 'high': 'High Season', 'peak': 'Extrabed'}",,"{'normal': nan, 'high': nan, 'peak': nan}",
Thewakanda A Pramana Experience ,4,Junior Suite Room,,"{'normal': 1550000, 'high': 1950000, 'peak': '-'}",,"{'normal': nan, 'high': nan, 'peak': nan}",
Nama Hotel,Stars,Type Room,Link Photo Room,"{'normal': 'Normal Season', 'high': 'High Season', 'peak': nan}",Extrabed,"{'normal': nan, 'high': nan, 'peak': nan}",
KUWARASAN A PRAMANA EXPERIENCE ,Stars,Suite Pool View,,"{'normal': 2100000, 'high': 2600000, 'peak': 5000000}",650000,"{'normal': nan, 'high': nan, 'peak': nan}",
Nama Hotel,Stars,Type Room,Link Photo Room,"{'normal': 'Normal Season', 'high': 'High Season', 'peak': 'Extrabed'}",,"{'normal': nan, 'high': nan, 'peak': nan}",
"SWAN PARADISE  
A PRAMANA EXPERIENCE ",4,Superior – (12 units)  ,,"{'normal': 1245000, 'high': 1645000, 'peak': '-'}",,"{'normal': nan, 'high': nan, 'peak': nan}",
Nama Hotel,Stars,Type Room,Link Photo Room,"{'normal': 'Normal Season', 'high': 'High Season', 'peak': 'Extrabed'}",,"{'normal': nan, 'high': nan, 'peak': nan}",
Sovereign Bali Hotel,4,Deluxe Room,,"{'normal': 550000, 'high': 750000, 'peak': 250000}",,"{'normal': nan, 'high': nan, 'peak': nan}",
Nama Hotel,Stars,Type Room,Link Photo Room,"{'normal': 'Normal Season', 'high': 'High Season', 'peak': nan}",Batas Kontrak,"{'normal': nan, 'high': nan, 'peak': nan}",
Crystal Kuta Hotel,4,Deluxe Room (ada connecting) 22 sqm,https://drive.google.com/drive/folders/1HxAb9kH6Spo2guoANw6m2YCHUS5YvsqB?usp=sharing,"{'normal': 475000, 'high': 725000, 'peak': 1525000}",30-Jun-25,"{'normal': nan, 'high': nan, 'peak': nan}",
Nama Hotel,Stars,Type Room,Link Photo Room,"{'normal': 'Normal Season', 'high': 'High Season', 'peak': 'Extrabed'}",,"{'normal': nan, 'high': nan, 'peak': nan}",
Unagi Wooden Villas by Emana,4,Deluxe Wooden Room ,,"{'normal': 945000, 'high': 1245000, 'peak': 500000}",,"{'normal': nan, 'high': nan, 'peak': nan}",
Nama Hotel,Stars,Type Room,Link Photo Room,"{'normal': 'Normal Season', 'high': 'High Season', 'peak': 'Extrabed'}",,"{'normal': nan, 'high': nan, 'peak': nan}",
Best Western Resort Kuta,4,Superior Room,https://drive.google.com/drive/folders/1FEKMFuPgf033ye10dRIqNAMVf1wXKSTn,"{'normal': 500000, 'high': 'untuk juli agutus bisa pakai harga campaign tanpa hss ', 'peak': nan}",,"{'normal': nan, 'high': nan, 'peak': nan}",
Best Western Resort Kuta,4,Superior Room,https://storage.wefinite.com/BW-ResortKuta,"{'normal': 600000, 'high': 'HSS JULI-AGUSTUS WAIVE', 'peak': nan}",,"{'normal': nan, 'high': nan, 'peak': nan}",
Nama Hotel,Stars,Type Room,Link Photo Room,"{'normal': 'Normal Season', 'high': 'High Season', 'peak': 'Extrabed'}",,"{'normal': nan, 'high': nan, 'peak': nan}",
Best Western Kuta Villa,4,Superior (Lt.2),https://drive.google.com/drive/folders/1c8_VbBhZWH2S9M-lSK-e3O7QnMvRrl7e,"{'normal': 475000, 'high': 725000, 'peak': 250000}",,"{'normal': nan, 'high': nan, 'peak': nan}",
Nama Hotel,Stars,Type Room,Link Photo Room,"{'normal': 'Normal Season', 'high': 'High Season', 'peak': 'Extrabed'}",,"{'normal': nan, 'high': nan, 'peak': nan}",
Ramada Encore Seminyak,4,Superior Room,,"{'normal': 625000, 'high': 975000, 'peak': nan}",,"{'normal': nan, 'high': nan, 'peak': nan}",
Nama Hotel,Stars,Type Room,Normal Season,"{'normal': 'High Season', 'high': 'Peak Season', 'peak': nan}",Batas Kontrak,"{'normal': nan, 'high': nan, 'peak': nan}",
TAPA TEPI KALI ECHO BEACH CANGGU  ,4,Deluxe Pool View (12) ,875000,"{'normal': 1250000, 'high': 1250000, 'peak': 3050000}",3/31/2026 0:00,"{'normal': nan, 'high': nan, 'peak': nan}",
Nama Hotel,Stars,Type Room,Link Photo Room,"{'normal': 'Normal Season', 'high': 'High Season', 'peak': 'Extrabed'}",,"{'normal': nan, 'high': nan, 'peak': nan}",
Aston Sunset Beach Gili Trawangan,4,Deluxe Garden View,,"{'normal': 830420, 'high': 1280420, 'peak': 500000}",,"{'normal': nan, 'high': nan, 'peak': nan}",
Nama Hotel,Stars,Type Room,Link Photo Room,"{'normal': 'Normal Season', 'high': 'High Season', 'peak': 'Extrabed'}",,"{'normal': nan, 'high': nan, 'peak': nan}",
Lovina Haven Boutique Resort ,4,Deluxe Garden View,https://bit.ly/LovinaHavenPhoto,"{'normal': 750000, 'high': 'JULY AGUSTUS HSS WAIVE', 'peak': 425000}",,"{'normal': nan, 'high': nan, 'peak': nan}",
Nama Hotel,Stars,Type Room,Link Photo Room,"{'normal': 'Normal Season', 'high': 'High Season', 'peak': 'Extrabed'}",,"{'normal': nan, 'high': nan, 'peak': nan}",
NIRWANA BEACH RESORT CANDIDASA,4,Premier Garden Room,,"{'normal': 1175000, 'high': 1425000, 'peak': 300000}",,"{'normal': nan, 'high': nan, 'peak': nan}",
Nama Hotel,Stars,Type Room,Link Photo Room,"{'normal': 'Normal Season', 'high': 'High Season', 'peak': 'Extrabed'}",,"{'normal': nan, 'high': nan, 'peak': nan}",
LOVINA BEACH CLUB & RESORT,4,Deluxe Garden Room,,"{'normal': 900000, 'high': 1150000, 'peak': 350000}",,"{'normal': nan, 'high': nan, 'peak': nan}",
Nama Hotel,Stars,Type Room,Normal Season,"{'normal': 'High Season', 'high': 'Peak Season', 'peak': 'Batas Kontrak'}",,"{'normal': nan, 'high': nan, 'peak': nan}",
Tri Dewi Residence Ubud,Stars,Standard Room,621000,"{'normal': 821000, 'high': 821000, 'peak': '31 March 2026'}",,"{'normal': nan, 'high': nan, 'peak': nan}",
Nama Hotel,Stars,Type Room,Normal Season,"{'normal': 'High Season', 'high': 'Peak Season', 'peak': 'Batas Kontrak'}",,"{'normal': nan, 'high': nan, 'peak': nan}",
Kailash Suites Ubud,Stars,Suite Garden View,742000,"{'normal': 942000, 'high': 942000, 'peak': '31 March 2026'}",,"{'normal': nan, 'high': nan, 'peak': nan}",
Nama Hotel,Stars,Type Room,Normal Season,"{'normal': 'High Season', 'high': 'Peak Season', 'peak': 'Batas Kontrak'}",,"{'normal': nan, 'high': nan, 'peak': nan}",
Manah Shanti suite Ubud,Stars,Bungalow,905000,"{'normal': 1105000, 'high': 1105000, 'peak': '31 March 2026'}",,"{'normal': nan, 'high': nan, 'peak': nan}",
Nama Hotel,Stars,Type Room,Normal Season,"{'normal': 'High Season', 'high': 'Peak Season', 'peak': 'Batas Kontrak'}",,"{'normal': nan, 'high': nan, 'peak': nan}",
Tebesaya Cottage Ubud,Stars,Deluxe Room,765000,"{'normal': 965000, 'high': 965000, 'peak': '31 March 2026'}",,"{'normal': nan, 'high': nan, 'peak': nan}",
Nama Hotel,Stars,Type Room,Normal Season,"{'normal': 'High Season', 'high': 'Peak Season', 'peak': 'Batas Kontrak'}",,"{'normal': nan, 'high': nan, 'peak': nan}",
Kesari Glory Hotel Nusa Penida,Stars,Standard Room,460000,"{'normal': 560000, 'high': 560000, 'peak': datetime.datetime(2025, 3, 31, 0, 0)}",,"{'normal': nan, 'high': nan, 'peak': nan}",
Nama Hotel,Stars,Type Room,Normal Season,"{'normal': 'High Season', 'high': 'Peak Season', 'peak': 'Batas Kontrak'}",,"{'normal': nan, 'high': nan, 'peak': nan}",
Four Star by Trans Hotel,Stars,Superior Room,600000,"{'normal': 750000, 'high': 850000, 'peak': datetime.datetime(2025, 3, 31, 0, 0)}",,"{'normal': nan, 'high': nan, 'peak': nan}",
Nama Hotel,Stars,Type Room,Link Photo Room,"{'normal': 'Normal Season', 'high': 'High Season', 'peak': 'Extrabed'}",,"{'normal': nan, 'high': nan, 'peak': nan}",
Wyndham Jivva Klungkung,5,Superior Room,https://drive.google.com/drive/folders/1bI0yNvuY71uOV6Uofj-FGRx12fFMKw5f?usp=sharing,"{'normal': 1000000, 'high': 1250000, 'peak': 'No Extra Bed'}",,"{'normal': nan, 'high': nan, 'peak': nan}",
Nama Hotel,Stars,Type Room,Link Photo Room,"{'normal': 'Normal Season', 'high': 'High Season', 'peak': 'Extrabed'}",,"{'normal': nan, 'high': nan, 'peak': nan}",
Ramayana Suite & Resort,5,Grand Deluxe,https://drive.google.com/drive/u/0/folders/1c2g0phVLqtY2xOUJBTvquzZWkRBoVMJr,"{'normal': 1150000, 'high': 1400000, 'peak': 450000}",,"{'normal': nan, 'high': nan, 'peak': nan}",
Nama Hotel,Stars,Type Room,Link Photo Room,"{'normal': 'Normal Season', 'high': 'High Season', 'peak': nan}",,"{'normal': nan, 'high': nan, 'peak': nan}",
Bali Bintang Resort,5,Deluxe Room (D/T),,"{'normal': 1300000, 'high': 1500000, 'peak': 1600000}",,"{'normal': nan, 'high': nan, 'peak': nan}",
Nama Hotel,Stars,Type Room,Link Photo Room,"{'normal': 'Normal Season', 'high': 'High Season', 'peak': 'Extrabed'}",,"{'normal': nan, 'high': nan, 'peak': nan}",
Aryaduta,5,Superior,https://drive.google.com/drive/folders/1uYBJO-ppanghCtpCHmMTo4FR8-slZRdS,"{'normal': 1500000, 'high': 1800000, 'peak': nan}",,"{'normal': nan, 'high': nan, 'peak': nan}",
Nama Hotel,Stars,Type Room,Link Photo Room,"{'normal': 'Normal Season', 'high': 'High Season', 'peak': 'Batas Kontrak'}",,"{'normal': nan, 'high': nan, 'peak': nan}",
Kuta Paradiso Hotel,5,Deluxe Room,,"{'normal': 950000, 'high': 1100000, 'peak': datetime.datetime(2025, 9, 30, 0, 0)}",,"{'normal': nan, 'high': nan, 'peak': nan}",
Nama Resort,Stars,Type Room,Link Room,"{'normal': 'Link Additional', 'high': 'Normal Season', 'peak': nan}",3D2N HONEYMOON PACKAGE NORMAL SEASON,"{'normal': nan, 'high': nan, 'peak': nan}",
Suara Alam Ubud,*****,Paddies Room,https://bit.ly/SuaraAlamUbud,"{'normal': 'https://bit.ly/ListDecorationAgent ', 'high': 850000, 'peak': 1300000}",,"{'normal': nan, 'high': nan, 'peak': nan}",
Nama Hotel,Stars,Type Room,Link Room,"{'normal': 'Normal Season', 'high': 'High Season', 'peak': 'Extrabed'}",,"{'normal': nan, 'high': nan, 'peak': nan}",
Visesa Ubud Resort,5,Jungle Suite,https://drive.google.com/drive/folders/1vYDSYCjyyjkt46T2LBG7hKWjDMU53C_z,"{'normal': 1830000, 'high': 2300000, 'peak': 750000}",,"{'normal': nan, 'high': nan, 'peak': nan}",
Nama Hotel,Stars,Type Room,Link Room,"{'normal': 'Normal Season', 'high': 'High Season', 'peak': 'Extrabed'}",,"{'normal': nan, 'high': nan, 'peak': nan}",
Pramana Watu Kurung,5,Pramana Suite (6 Unit),,"{'normal': 1850000, 'high': 2300000, 'peak': '-'}",,"{'normal': nan, 'high': nan, 'peak': nan}",
Nama Hotel,Stars,Type Room,Link Room,"{'normal': 'Normal Season', 'high': 'High Season', 'peak': 'Extrabed'}",,"{'normal': nan, 'high': nan, 'peak': nan}",
Bali Dynasty Resort,5,Deluxe Room,https://bdr.pphotels.com/photo-gallery/video/,"{'normal': 1730000, 'high': 2020000, 'peak': 450000}",,"{'normal': nan, 'high': nan, 'peak': nan}",
The Kuta Beach Heritage Hotel Managed by ACCOR,5,Classic ,https://drive.google.com/drive/folders/1ik_1FzMfo1UaB-C6Tjc1NaesA3A2rbX_?usp=sharing,"{'normal': 1300000, 'high': 1700000, 'peak': 550000}",,"{'normal': nan, 'high': nan, 'peak': nan}",
Nama Villa,Stars,Type Room,Link Room,"{'normal': 'Normal Season', 'high': 'High Season', 'peak': 'Extrabed'}",,"{'normal': nan, 'high': nan, 'peak': nan}",
Arkamara Dijiwa Ubud,5,Suite Room,https://drive.google.com/drive/folders/1Kq6UZLLb0IN2snRO9D-uw9WFU0Lqur1R,"{'normal': 1900000, 'high': 2400000, 'peak': 650000}",,"{'normal': nan, 'high': nan, 'peak': nan}",
Arkamara Dijiwa Ubud,5,Suite Room,,"{'normal': 2050000, 'high': 2550000, 'peak': 650000}",,"{'normal': nan, 'high': nan, 'peak': nan}",
Nama Hotel,Stars,Type Room,Link Room,"{'normal': 'Normal Season', 'high': 'High Season', 'peak': nan}",Batas Kontrak,"{'normal': nan, 'high': nan, 'peak': nan}",
The Alena Resort,5,Deluxe Room,,"{'normal': 1550000, 'high': 2000000, 'peak': 3700000}",3/31/2026 0:00,"{'normal': nan, 'high': nan, 'peak': nan}",
